,job_title,company,location,salary,summary,link
0,Data Scientist,RISIRISA,"New York, NY",,"As a member of RISIRISA Team, you will be joining an interdisciplinary group of scientists, mathematicians, designers, and engineers that work with commercial,…",https://indeed.com//rc/clk?jk=de0885f57b2e2f59&fccid=570de3d15b9bbb97&vjs=3
1,"Data Scientist, Analytics & Inference",Codecademy,"New York, NY",,"Codecademy has helped over 45 million people from around the world upgrade their careers with engaging, accessible, and flexible education on programming and…",https://indeed.com//rc/clk?jk=a13ad4c173756424&fccid=b9d4e9eceb3ff4c0&vjs=3
2,Data Scientist,RiVi Consulting Group,"New York, NY",,"Experience in relevant areas of computer science, including data engineering, applied machine learning, deep learning, NLP or related disciplines.",https://indeed.com//rc/clk?jk=4549c789057aa8f0&fccid=c6740ca0f8a588b9&vjs=3
3,Data Scientist,Booz Allen Hamilton,"New York, NY 10036",,"Are you excited at the prospect of unlocking the secrets held by a data set? Are you fascinated by the possibilities presented by IoT, machine-learning, and…",https://indeed.com//rc/clk?jk=ae2392e7551b74c7&fccid=4e041af1d0af1bc8&vjs=3
4,Data Scientist,Tradeweb Markets LLC,"New York, NY 10036",,Responsible for helping build quantitative data models for Credit products. Develop data tools to help optimize large data sets for internal and client use.,https://indeed.com//rc/clk?jk=f600c7d83c14e3e5&fccid=368c8a280b1e8cde&vjs=3
5,"Data Science Summer 2020 Internships – New York, NY",NBCUniversal,"New York, NY",,"Unlike a traditional internship, the Data Science Practica embeds future Data Scientists and Data Engineers in ongoing projects within NBCUniversal.",https://indeed.com//rc/clk?jk=9919d4700f217000&fccid=35d653c09c2712b6&vjs=3
6,"Data Scientist, Forecasting",Spotify,"New York, NY 10011 (Chelsea area)",,We seek an exceptional Data Scientist to join our Forecasting team in New York. This individual will contribute to the development of cutting-edge models to…,https://indeed.com//rc/clk?jk=41922d3ad138c2db&fccid=fe404d18bb9eef1e&vjs=3
7,Data Analyst / Data Scientist,Defined Clarity,"New York, NY",,We have a client that is looking for a data scientist to add to its team. This position is for a Fortune 50 company that is based in Philadelphia.,https://indeed.com//rc/clk?jk=f3196a8bc16ce8ee&fccid=fd3bad61fc50422e&vjs=3
8,Data Scientist,National Debt Relief,"New York, NY 10004 (Financial District area)",,"National Debt Relief (NDR) is currently seeking an inquisitive, highly motivated, and creative Data Scientist who is passionate about helping customers get out…",https://indeed.com//rc/clk?jk=bfdbc9e51b1e2f04&fccid=27ddc4a519a697f9&vjs=3
9,Data Scientist 2,Oracle,"New York, NY 10022 (Midtown area)",,"We help brands and media companies push the envelope on privacy-friendly models of advertising, help them make sound product decisions that involve running…",https://indeed.com//rc/clk?jk=e68945c8eb6d19e7&fccid=cd22d01053af7669&vjs=3
10,Data Scientist,Butterfly Network,"New York, NY",,We are looking for a highly motivated and experienced data scientist to drive data-driven strategy and product decisions. 3 + years of data science experience.,https://indeed.com//rc/clk?jk=b41ba70677cff1cd&fccid=f34adc12ba09e47f&vjs=3
11,Associate Data Scientist,Macmillan,"New York, NY 10010 (Gramercy area)",,"Macmillan Publishers is a global trade book publishing company with prominent imprints around the world, publishing a broad range of award-winning books for…",https://indeed.com//rc/clk?jk=1149a06bae6bd6da&fccid=87e18851e462d3fe&vjs=3
12,Data Scientist,Gallup,"New York, NY",,Are you committed to using your research talents to provide global organizations with critical advice for their growing needs using advanced analytics?,https://indeed.com//rc/clk?jk=3d33b4ef1063650f&fccid=e198e2c44e180800&vjs=3
13,Data Scientist,Dow Jones,"New York, NY 10176 (Murray Hill area)",,"By selecting “Apply” above, you indicate you have read and acknowledge the Dow Jones Applicant Privacy Notice and Dow Jones Cookie Policy , including data…",https://indeed.com//rc/clk?jk=67aa3eb52f02d7a1&fccid=d2621f51dde471d3&vjs=3
14,"Product Analyst, Data Science",Google,"New York, NY 10011 (Chelsea area)",,By applying to this position your application is automatically submitted to the following locations: BA/BS degree or equivalent practical experience.,https://indeed.com//rc/clk?jk=4429d084fd5204b9&fccid=a5b4499d9e91a5c6&vjs=3
15,Data Scientist / ML Engineer,pulseData,"New York, NY",,"It is a momentous time for value-based kidney care, and we are excited to be a part of much needed change. Out of every 5 dollars of Medicare expense, 1 dollar…",https://indeed.com//rc/clk?jk=37cb61085d63f472&fccid=2c23f29fcd5c78da&vjs=3
16,Data Scientist,Revlon,"New York, NY",,Revlon has developed a long-standing reputation as a color authority and beauty trendsetter in the world of color cosmetics and hair care.,https://indeed.com//rc/clk?jk=d7c3d446ede6e5d8&fccid=576ff5b1dc003593&vjs=3
17,Data Scientist,Custoria,"New York, NY 10018 (Clinton area)",,Data science is the core around which Custora is built. The central value proposition of our product is that we provide e-commerce businesses the ability to:,https://indeed.com//rc/clk?jk=eda212cb22e76cab&fccid=88e63964e5344963&vjs=3
18,"Associate, Data Science",Pfizer,"New York, NY 10017 (Midtown area)",,The Pfizer Data Science Team in StratCO Business Analytics (BA) is now looking for talented individuals destined to usher in the next era of healthcare.,https://indeed.com//rc/clk?jk=15f50e45f4fb47e9&fccid=5e118f74384e090a&vjs=3
19,"Data Scientist, Risk",Square,"New York, NY 10032 (Washington Heights area)",,"As a Senior Data Scientist at Square working on Risk, you will lead projects that derive value from our unique, rich, and rapidly growing data.",https://indeed.com//rc/clk?jk=d199830c24cac148&fccid=09abad886b83c501&vjs=3
20,Data Scientist,Source Enterprises,"New York, NY",,"Source Systems is now inviting the brightest, creative and passionate minds to become a part of our Data Scientist Internship Program.",https://indeed.com//rc/clk?jk=1636faa0308fd08f&fccid=1577085fc2290983&vjs=3
21,Associate Data Scientist SNKRS,Nike,"New York, NY 10011 (Chelsea area)",,"Become a Part of the NIKE, Inc.Does more than outfit the world’s best athletes.It is a place to explore potential, obliterate boundaries and push out the…",https://indeed.com//rc/clk?jk=a404da0bd71fb292&fccid=2c62e4de04b8f952&vjs=3
22,Data Scientist - 64411BR,AETNA,"New York, NY 10016 (Gramercy area)",,"Participates in the development, validation and delivery of algorithms, statistical models and reporting tools.Benefit eligibility may vary by position.",https://indeed.com//rc/clk?jk=be2fa43e2e2572ba&fccid=7077d7e88049c02a&vjs=3
23,Data Scientist,RISIRISA,"New York, NY",,"As a member of RISIRISA Team, you will be joining an interdisciplinary group of scientists, mathematicians, designers, and engineers that work with commercial,…",https://indeed.com//rc/clk?jk=de0885f57b2e2f59&fccid=570de3d15b9bbb97&vjs=3
24,"Data Scientist, Marketplace – all levels",Spotify,"New York, NY 10011 (Chelsea area)",,"Marketplace is the home for Spotify’s music industry products, such as Spotify for Artists, Spotify Label Analytics and Spotify Publisher Analytics.",https://indeed.com//rc/clk?jk=24b76f7b35e13949&fccid=fe404d18bb9eef1e&vjs=3
25,Data Analyst / Data Scientist,Defined Clarity,"New York, NY",,We have a client that is looking for a data scientist to add to its team.This position is for a Fortune 50 company that is based in Philadelphia.,https://indeed.com//rc/clk?jk=f3196a8bc16ce8ee&fccid=fd3bad61fc50422e&vjs=3
26,"Data Scientist, Analytics, Intern",Facebook,"New York, NY 10017 (Midtown area)",,"Facebook's mission is to give people the power to build community and bring the world closer together.Through our family of apps and services, we're building a…",https://indeed.com//rc/clk?jk=1eb7e96ae99c871d&fccid=1639254ea84748b5&vjs=3
27,"Data Scientist, Analytics (University Grad)",Facebook,"New York, NY 10017 (Midtown area)",,"Facebook's mission is to give people the power to build community and bring the world closer together.Through our family of apps and services, we're building a…",https://indeed.com//rc/clk?jk=3afa4b5a60bab58f&fccid=1639254ea84748b5&vjs=3
28,Data Scientist,SILICON CONSULTING SERVICES,"New York, NY",,"New York, New york (Downtown area),USA.Required Skills :- Spark with Scala or Java.Secondary Skills ( Nice to Have) :- Python, R, TensorFlow, scikit-learn,…",https://indeed.com//rc/clk?jk=b6aa644cee22b4d3&fccid=1bdf40c12f498b39&vjs=3
29,CCB - Quantitative Modeler / Data Scientist - Associate,JP Morgan Chase,"New York, NY 10001 (Chelsea area)",,"JPM) is a leading global financial services firm with assets of $2.6 trillion and operations worldwide.The firm is a leader in investment banking, financial…",https://indeed.com//rc/clk?jk=9c09f0937d7aaa7e&fccid=c46d0116f6e69eae&vjs=3
30,Data Scientist,RISIRISA,"New York, NY",,"As a member of RISIRISA Team, you will be joining an interdisciplinary group of scientists, mathematicians, designers, and engineers that work with commercial,…",https://indeed.com//rc/clk?jk=de0885f57b2e2f59&fccid=570de3d15b9bbb97&vjs=3
31,Data Scientist,National Debt Relief,"New York, NY 10004 (Financial District area)",,"National Debt Relief (NDR) is currently seeking an inquisitive, highly motivated, and creative Data Scientist who is passionate about helping customers get out…",https://indeed.com//rc/clk?jk=bfdbc9e51b1e2f04&fccid=27ddc4a519a697f9&vjs=3
32,"Data Scientist, Analytics & Inference",Codecademy,"New York, NY",,"Codecademy has helped over 45 million people from around the world upgrade their careers with engaging, accessible, and flexible education on programming and…",https://indeed.com//rc/clk?jk=a13ad4c173756424&fccid=b9d4e9eceb3ff4c0&vjs=3
33,Data Scientist,Booz Allen Hamilton,"New York, NY 10036",,"Are you excited at the prospect of unlocking the secrets held by a data set?Are you fascinated by the possibilities presented by IoT, machine-learning, and…",https://indeed.com//rc/clk?jk=ae2392e7551b74c7&fccid=4e041af1d0af1bc8&vjs=3
34,Data Scientist 2,Oracle,"New York, NY 10022 (Midtown area)",,"We help brands and media companies push the envelope on privacy-friendly models of advertising, help them make sound product decisions that involve running…",https://indeed.com//rc/clk?jk=e68945c8eb6d19e7&fccid=cd22d01053af7669&vjs=3
35,Data Scientist,RiVi Consulting Group,"New York, NY",,"Experience in relevant areas of computer science, including data engineering, applied machine learning, deep learning, NLP or related disciplines.",https://indeed.com//rc/clk?jk=4549c789057aa8f0&fccid=c6740ca0f8a588b9&vjs=3
36,Data Scientist,Tradeweb Markets LLC,"New York, NY 10036",,Responsible for helping build quantitative data models for Credit products.Develop data tools to help optimize large data sets for internal and client use.,https://indeed.com//rc/clk?jk=f600c7d83c14e3e5&fccid=368c8a280b1e8cde&vjs=3
37,"Data Scientist, Forecasting",Spotify,"New York, NY 10011 (Chelsea area)",,We seek an exceptional Data Scientist to join our Forecasting team in New York.This individual will contribute to the development of cutting-edge models to…,https://indeed.com//rc/clk?jk=41922d3ad138c2db&fccid=fe404d18bb9eef1e&vjs=3
38,Data Scientist,Dow Jones,"New York, NY 10176 (Murray Hill area)",,"By selecting “Apply” above, you indicate you have read and acknowledge the Dow Jones Applicant Privacy Notice and Dow Jones Cookie Policy , including data…",https://indeed.com//rc/clk?jk=67aa3eb52f02d7a1&fccid=d2621f51dde471d3&vjs=3
39,"Data Science Summer 2020 Internships – New York, NY",NBCUniversal,"New York, NY",,"Unlike a traditional internship, the Data Science Practica embeds future Data Scientists and Data Engineers in ongoing projects within NBCUniversal.",https://indeed.com//rc/clk?jk=9919d4700f217000&fccid=35d653c09c2712b6&vjs=3
40,Data Scientist (Jr. to Sr. Level),Piper Companies,"Portland, OR 97214 (Buckman area)",,"Piper Companies is currently looking for Data Scientist for a position based in Portland, OR. Please note- there are positions at various levels available*.",https://indeed.com//rc/clk?jk=b9ffe6261d1df59e&fccid=fc68da685e8aa986&vjs=3
41,Data Scientist,WorkBoard,"Portland, OR",,"Every company has strategic priorities and urgency to achieve them, but very few have a cohesive, data driven approach to aligning, measuring and driving those…",https://indeed.com//rc/clk?jk=6e333b27d92cb37e&fccid=a331385a899e3dc9&vjs=3
42,Data Scientist,,"Portland, OR",,"Vevo is the world’s largest all-premium music video provider, offering artists a global platform with enormous scale through its distribution partners.",https://indeed.com//rc/clk?jk=0021439b0806288c&fccid=dd616958bd9ddc12&vjs=3
43,RET DESIGN DATA SCIENTIST,Intel,"Hillsboro, OR 97124",,Intel invites you to join the team that develops and implements Resolution Enhancement Techniques that assist the successful pattern transfer from mask to wafer…,https://indeed.com//rc/clk?jk=cc8a1511178d0d01&fccid=f1374be6a45f4b8a&vjs=3
44,Senior Investigations Data Analyst,Nike,"Beaverton, OR",,"Become a Part of the NIKE, Inc. Does more than outfit the world’s best athletes. It is a place to explore potential, obliterate boundaries and push out the…",https://indeed.com//rc/clk?jk=97ab24d04625df1b&fccid=2c62e4de04b8f952&vjs=3
45,Data Scientist,Columbia Sportswear Company,"Portland, OR 97222 (Milwaukie Business-Industry area)",,Columbia Sportswear Company is seeking a Data Scientist to join its Analytics Center of Excellence. The Analytics CoE is responsible for driving the culture of…,https://indeed.com//rc/clk?jk=abc35721f0a28ed5&fccid=e87d9cecd33775c9&vjs=3
46,Data Scientist 6,U.S. Bank,"Portland, OR",,"Bank, we're passionate about helping customers and the communities where we live and work. The fifth-largest bank in the United States, we’re one of the country…",https://indeed.com//rc/clk?jk=f4b44bef52e85ed6&fccid=ae5bfc395c530fbc&vjs=3
47,Data Scientist,Prokarma Inc.,"Portland, OR",,"ProKarma is currently seeking a Data Scientist to join our team as a full-time employee in Portland, OR! Interview key project stakeholders, document findings…",https://indeed.com//rc/clk?jk=ef2bb074d0d320ac&fccid=4488f5457f519808&vjs=3
48,"Senior Data Scientist, Nike Training Club",Nike,"Beaverton, OR",,"Become a Part of the NIKE, Inc. Does more than outfit the world’s best athletes. It is a place to explore potential, obliterate boundaries and push out the…",https://indeed.com//rc/clk?jk=d1ac3df80ef5c6c5&fccid=2c62e4de04b8f952&vjs=3
49,Data Science Graduate Internship,Nike,"Beaverton, OR",,"Become a Part of the NIKE, Inc. Does more than outfit the world’s best athletes. It is a place to explore potential, obliterate boundaries and push out the…",https://indeed.com//rc/clk?jk=0a1748836ea179c1&fccid=2c62e4de04b8f952&vjs=3
50,Data Scientist,Prokarma Inc.,"Portland, OR",,"Or Master’s Degree in operations research, applied statistics, data mining, machine learning, physics or a related quantitative discipline preferred.",https://indeed.com//rc/clk?jk=ef2bb074d0d320ac&fccid=4488f5457f519808&vjs=3
51,"Sr. Data Scientist, Personalization",Nike,"Portland, OR 97218 (Cully area)",,"A candidate should be experienced in state of the art statistical modeling or machine learning algorithms, but also be able to think in terms of the compute…",https://indeed.com//rc/clk?jk=d37a5a99484e7e5b&fccid=2c62e4de04b8f952&vjs=3
52,"Senior Data Scientist, Nike Training Club",Nike,"Beaverton, OR",,Core mathematical ability to understand and apply superb machine learning algorithms and/or statistical modeling in a programming language like R or Python to…,https://indeed.com//rc/clk?jk=d1ac3df80ef5c6c5&fccid=2c62e4de04b8f952&vjs=3
53,Senior Data Analyst,Kongregate,"Portland, OR",,As a Senior Data Analyst your mission is to work closely with product leaders across our different programs to provide actionable insights that will help them…,https://indeed.com//rc/clk?jk=8ce1b2667c643245&fccid=4afc115df6b0f70b&vjs=3
54,Senior Director - Data Science (NSRL),Nike,"Portland, OR 97218 (Cully area)",,"You will work with, coach, mentor and inspire a leadership team of data scientists, data engineers, and platform engineering professionals, monitoring…",https://indeed.com//rc/clk?jk=717aafbc0e563f46&fccid=2c62e4de04b8f952&vjs=3
55,Data Scientist - AWS Training & Certification Product Development,"Amazon Web Services, Inc.","Portland, OR",,"We are looking for an experienced Data Scientist with excellent analytical abilities, outstanding business acumen and judgment, intense curiosity, strong…",https://indeed.com//rc/clk?jk=d8582a67eb0f37c5&fccid=fe2d21eef233e94a&vjs=3
56,Data Scientist - Nationwide Opportunities,"Amazon Web Services, Inc.","Portland, OR",,"PhD in a highly quantitative field (Computer Science, Machine Learning, Operational Research, Statistics, Mathematics, etc.).This is a customer facing role.",https://indeed.com//rc/clk?jk=30c3c61ed9303335&fccid=fe2d21eef233e94a&vjs=3
57,Senior Data Analyst,New Relic,"Portland, OR",,"In addition to the production of regular reporting and ad hoc analyses, this role will have a seat at the data strategy table collaborating with other…",https://indeed.com//rc/clk?jk=4d7ab7b9a6f772ad&fccid=ade8cd847c0482cd&vjs=3
58,Actuarial Internship,Cambia Health,"Portland, OR",,"Within that context, the Actuarial Intern performs technical, analytical and support functions to help the division and the company meet its goals.",https://indeed.com//rc/clk?jk=2e2e9185495ed934&fccid=10b1f58e33d8d2a8&vjs=3
59,Sr IT Data Analyst,Health Share of Oregon,"Portland, OR 97201 (Homestead area)",,"Minimum five years’ relevant professional experience, including hands-on business intelligence and data analytics experience, as well as data work from clinical…",https://indeed.com//rc/clk?jk=2a461036348be807&fccid=f776cf08368df616&vjs=3
60,Data Scientist (Jr. to Sr. Level),Piper Companies,"San Francisco, CA 94107 (South Of Market area)",,"Piper Companies is currently looking for Data Scientist for a position based in San Francisco, CA. Please note- there are positions at various levels available*…",https://indeed.com//rc/clk?jk=db3e8001e67b935c&fccid=fc68da685e8aa986&vjs=3
61,"Data Scientist, Capital",Square,"San Francisco, CA 94103 (South Of Market area)",,"As a Data Scientist at Square working on Capital, you will lead projects that derive value from our unique, rich, and rapidly growing data.",https://indeed.com//rc/clk?jk=1076a8e2933b8047&fccid=09abad886b83c501&vjs=3
62,Statistician / Data Manager,University of California San Francisco,"San Francisco, CA",,The purpose of the Statistician / Data Manager position is to (1) analyze data for several ongoing studies evaluating the morbidity and mortality associated…,https://indeed.com//rc/clk?jk=5715e450309a117a&fccid=2a341562d64c7cdb&vjs=3
63,Research Data Scientist,University of California San Francisco,"San Francisco, CA",,The Research Data Scientist will join a collaborative and fast-paced research team at the F.I. Proctor Foundation studying eye diseases in the U.S.,https://indeed.com//rc/clk?jk=e720b932f93ebcbd&fccid=2a341562d64c7cdb&vjs=3
64,Data Scientist,Gap Inc.,"San Francisco, CA",,"Our past is full of iconic moments — but our future is going to spark many more. Our brands — Gap, Banana Republic, Old Navy, Athleta, INTERMIX and Hill City —…",https://indeed.com//rc/clk?jk=eea204260f9651c0&fccid=76644a33987f2488&vjs=3
65,Data Scientist,University of California San Francisco,"San Francisco, CA",,"The Data Scientist uses skills as a seasoned, experienced programming professional with a broad understanding of computational algorithms and systems, including…",https://indeed.com//rc/clk?jk=abb941a6ef2fcff0&fccid=2a341562d64c7cdb&vjs=3
66,Data Scientist (NLP),Ancestry,"San Francisco, CA",,"When you join Ancestry, you join our family tree. Backed by history, science, and technology, we’re creating a new world of connection, innovation, and…",https://indeed.com//rc/clk?jk=4c67f7acb3d8c12f&fccid=8a644f7a25dca5dc&vjs=3
67,Data Scientist,Wish,"San Francisco, CA 94103 (South Of Market area)",,Want to join our NEW centralized data science team working on company level data projects? Data driven decision-making is an integral part of life at Wish.,https://indeed.com//rc/clk?jk=fe2838f305466298&fccid=617690ce838507f3&vjs=3
68,Data Scientist- Wells Fargo,"Netpace, Inc.","San Leandro, CA 94577",,Data Scientist with expertise in: 1. Elastic 2. Configure Nodes 3. Implement solution - optimize 10 node cluster 4. Data bases 5. SQL and Elastic…,https://indeed.com//rc/clk?jk=df3c3efd02743ff4&fccid=ac2f0c348f4dd8a0&vjs=3
69,Data Scientist,Branch International,"San Francisco, CA",,"Branch delivers world-class financial services to the mobile generation. With offices in San Francisco, Lagos, Mexico City, Mumbai and Nairobi, Branch is a for…",https://indeed.com//rc/clk?jk=e9a2a756204da414&fccid=693e4534a328a646&vjs=3
70,"Data Scientist, Engineering",Google,"San Francisco, CA 94105 (Financial District area)",,"By applying to this position your application is automatically submitted to the following locations: Master's degree in a quantitative discipline (e.g.,…",https://indeed.com//rc/clk?jk=ae416685deba77b5&fccid=a5b4499d9e91a5c6&vjs=3
71,Machine Learning Data Scientist/Engineer,"Ironclad, Inc.","San Francisco, CA",,"Ironclad is the leading digital contracting platform for legal teams. By streamlining contract workflows, from creation and approvals to compliance and insights…",https://indeed.com//rc/clk?jk=67442329d53b2469&fccid=93d7b1a61e6d6bd9&vjs=3
72,Data Scientist,Wish,"San Francisco, CA 94103 (South Of Market area)",,Want to join our NEW centralized data science team working on company level data projects? Data driven decision-making is an integral part of life at Wish.,https://indeed.com//rc/clk?jk=fe2838f305466298&fccid=617690ce838507f3&vjs=3
73,FY20 Intern Conversion: Data Scientist,Walmart eCommerce,"San Bruno, CA 94066",,A Data Scientist is responsible for analyzing large data sets to develop custom models and algorithms to drive business solutions.,https://indeed.com//rc/clk?jk=69c642ee74345682&fccid=8c49e99f20f89e48&vjs=3
74,Data Scientist,Bolt,"San Francisco, CA",,Ecommerce infrastructure on the internet is fragmented and broken. Bolt is a world-class buying experience available for all online businesses.,https://indeed.com//rc/clk?jk=891c5ae5d3a7f7d3&fccid=2472edbe03e34796&vjs=3
75,Data Scientist- Wells Fargo,"Netpace, Inc.","San Leandro, CA 94577",,Data Scientist with expertise in: 1. Elastic 2. Configure Nodes 3. Implement solution - optimize 10 node cluster 4. Data bases 5. SQL and Elastic…,https://indeed.com//rc/clk?jk=df3c3efd02743ff4&fccid=ac2f0c348f4dd8a0&vjs=3
76,Data Scientist,BICP,"San Francisco, CA",,"As a Data Scientist at BICP your role is to analyze, visualize, and model data. You’ll build and implement machine learning models to make more efficient and…",https://indeed.com//rc/clk?jk=ca7a4fb07e713068&fccid=8dd47da186a25eaf&vjs=3
77,Data Scientist,States Title Holding,"San Francisco, CA",,Create the model that transforms how real estate deals close. Want to infuse a $20B sector of the insurance and real estate industry with predictive analytics…,https://indeed.com//rc/clk?jk=22217864173bbc39&fccid=eb8b901996a2cc8a&vjs=3
78,Data Scientist,Clarivate Analytics,"San Francisco, CA 94111 (Financial District area)",,Clarivate Analytics clients are the trailblazers and risk takers who come up with life-changing ideas. We're looking for our own trailblazers to help us keep…,https://indeed.com//rc/clk?jk=e6324bb08b77cd4e&fccid=39cdc80b98113925&vjs=3
79,Intern: Data Scientist (Summer 2020),The Climate Corporation,"San Francisco, CA",,The Climate Corporation is looking for a data scientist to join our team focused on creating predictive agronomic models. Innovate in all we do.,https://indeed.com//rc/clk?jk=6d0db87b2e51b701&fccid=5527fa86119a4ea6&vjs=3
80,Data Scientist,"Amazon.com Services, Inc.","Austin, TX",,"BS and Masters degrees in computer science, engineering, or related technical/scientific field.1+ years of professional experience in a business environment.",https://indeed.com//rc/clk?jk=386f5f27c7e11d6a&fccid=fe2d21eef233e94a&vjs=3
81,Data Scientist,Oracle,"Austin, TX",,"No Visa Sponsorship is available for this position.Data analytics, statistical analysis, database management.CSI is global with members in Austin, TX;",https://indeed.com//rc/clk?jk=b5934a6d9cf1255f&fccid=cd22d01053af7669&vjs=3
82,iVE Labs Data Scientist - Undergrad Intern,Intel,"Austin, TX 78746",,Responsibilities may be quite diverse of a nonexempt technical nature.Experience and education requirements will vary significantly depending on the unique…,https://indeed.com//rc/clk?jk=585edd99723efcb1&fccid=f1374be6a45f4b8a&vjs=3
83,Data Science Interns,SailPoint,"Austin, TX",,"SailPoint is seeking Data Science Interns to join our team of, data scientists, engineers, and designers to deliver the next generation of Machine-Learning…",https://indeed.com//rc/clk?jk=024990bfb73d87a8&fccid=4ecbaefe0044b519&vjs=3
84,Data Science Interns,SailPoint Technologies Holdings,"Austin, TX",,"SailPoint is seeking Data Science Interns to join our team of, data scientists, engineers, and designers to deliver the next generation of Machine-Learning…",https://indeed.com//rc/clk?jk=e95371e3bbcbd52a&fccid=4ecbaefe0044b519&vjs=3
85,Data Scientist (Austin),Zilliant,"Austin, TX 78701 (Downtown area)",,The primary role of a Data Scientist is to effectively configure the scientific models which support Zilliant’s Price Optimization and Sales Growth solutions.,https://indeed.com//rc/clk?jk=bc091bc0b878df4f&fccid=a4ef73f14c8cec6f&vjs=3
86,"Senior Data Scientist - Round Rock, TX",Dell,"Round Rock, TX 78682",,"Dell is a collective of customer-obsessed, industry-leading visionaries.We believe that technology is essential for driving human progress, and the technology…",https://indeed.com//rc/clk?jk=64f40ee7d41cb179&fccid=dd09fe3b43125016&vjs=3
87,Data Scientist,Zensar Technologies,"Austin, TX",,Zensar is a leading digital solutions and technology.Services company that specializes in partnering with global organizations.Ability to work in a team.,https://indeed.com//rc/clk?jk=98545ca0ce17b6ab&fccid=e223a70f4b467dcd&vjs=3
88,Data Scientist,"Signature Science, LLC","Austin, TX 78759 (Arboretum area)",,"The successful candidate will support projects related to public safety, defense and national security The data scientist will work collaboratively with teams…",https://indeed.com//rc/clk?jk=3b88311528f578b0&fccid=4810863341d86f72&vjs=3
89,Data Scientist,"Builder Homesite, Inc.","Austin, TX 78750",,We are seeking a Data Scientist to join our team.The ideal candidate will be curious to delve into the details.What You Will Be Responsible For.,https://indeed.com//rc/clk?jk=9497235f791fef9e&fccid=a1519d4a9c1c39ed&vjs=3
90,Senior Data Scientist,BlackLocus,"Austin, TX 78701 (Downtown area)",,"BlackLocus is an innovation lab operating within The Home Depot, the top home improvement retailer in the world. Strong communication and interpersonal skills.",https://indeed.com//rc/clk?jk=f455ebf45d6b6496&fccid=bdde12dfc2534798&vjs=3
91,Data Scientist,"Amazon.com Services, Inc.","Austin, TX",,"BS and Masters degrees in computer science, engineering, or related technical/scientific field. 1+ years of professional experience in a business environment.",https://indeed.com//rc/clk?jk=386f5f27c7e11d6a&fccid=fe2d21eef233e94a&vjs=3
92,Data Scientist,"Signature Science, LLC","Austin, TX 78759 (Arboretum area)",,"The successful candidate will support projects related to public safety, defense and national security The data scientist will work collaboratively with teams…",https://indeed.com//rc/clk?jk=3b88311528f578b0&fccid=4810863341d86f72&vjs=3
93,Data Science Consultant,Dell,"Round Rock, TX 78682",,Dell provides the technology that transforms the way we all work and live. But we are more than a technology company — we are a people company.,https://indeed.com//rc/clk?jk=35e27eb0f135da97&fccid=dd09fe3b43125016&vjs=3
94,Machine Learning Intern (BS/MS),Electronic Arts,"Austin, TX 78758 (North Austin area)",,"Join us on the journey to build our cross-platform, cross-game player network that encompasses EA Digital Platform (EADP) services including identity, commerce,…",https://indeed.com//rc/clk?jk=fb57d12b2247c36a&fccid=617d7f961cfcf54a&vjs=3
95,Data Scientist (Austin),Zilliant,"Austin, TX 78701 (Downtown area)",,The primary role of a Data Scientist is to effectively configure the scientific models which support Zilliant’s Price Optimization and Sales Growth solutions.,https://indeed.com//rc/clk?jk=bc091bc0b878df4f&fccid=a4ef73f14c8cec6f&vjs=3
96,"Cloud Consulting Senior Data Scientist / - Data Scientist Consulting Technical Director / Austin, TX - Consulting Technical Director",Oracle,"Austin, TX",,"Cloud Consulting Senior Data Scientist / - Data Scientist Consulting Technical Director / Austin, TX - Consulting Technical Director-19001AIG.",https://indeed.com//rc/clk?jk=28c22458a00855f7&fccid=cd22d01053af7669&vjs=3
97,Senior Data Scientist - BlackLocus,The Home Depot,"Austin, TX",,Data Scientist will lead a team to develop the analytical infrastructure and computational capabilities that drive decision making and maximize the…,https://indeed.com//rc/clk?jk=2e5759337959fd9d&fccid=82e58e9861d48566&vjs=3
98,WIC Statistician,Health & Human Services Comm,"Austin, TX 78728",,Perform highly advanced (senior-level) statistical analysis work for the Vendor Management & Operations Unit within the Special Supplemental Nutrition Program…,https://indeed.com//rc/clk?jk=707ce4227fdcfa44&fccid=113517153f849886&vjs=3
99,"Sr Manager, Data Science - Round Rock, TX",Dell,"Round Rock, TX 78682",,Dell provides the technology that transforms the way we all work and live. But we are more than a technology company — we are a people company.,https://indeed.com//rc/clk?jk=6af2e2f33de46bfc&fccid=dd09fe3b43125016&vjs=3
100,Data Scientist,"Press Ganey Associates, Inc.","Chicago, IL 60606 (Loop area)",,"Press Ganey pioneered the health care performance improvement movement more than 30 years ago.Today, Press Ganey offers an integrated suite of solutions that…",https://indeed.com//rc/clk?jk=c2cff1abb03d862c&fccid=381fad78e933959b&vjs=3
101,Data Scientist,Starcom,"Chicago, IL 60601 (Loop area)",,"The Data Scientist will contribute to developing, producing and managing the delivery of automated analyses in support of strategic analytic plans.",https://indeed.com//rc/clk?jk=4a91bd50c8f6a10e&fccid=360b1f39dea9725f&vjs=3
102,Data Scientist,Centro,"Chicago, IL 60654 (Loop area)",,"We are looking for amazing people diverse in thought, perspective, and culture to join our team.We check our egos at the door, roll up our sleeves, work hard,…",https://indeed.com//rc/clk?jk=9700e19ae04792a7&fccid=79bb07c74c0ae378&vjs=3
103,Data Scientist,UNITED STATES SOCCER FEDERATION 1,"Chicago, IL 60616 (Douglas area)",,Soccer and we are the future of sport in the United States.Our mission is to make soccer the preeminent sport in the United States.Employees who work at U.S.,https://indeed.com//rc/clk?jk=4976a93cf5e67083&fccid=fb3121413e779a8d&vjs=3
104,Data Scientist,Options Clearing Corporation,"Chicago, IL",,"Conduct research and experiments to design, implement and refine our large-scale financial analytics warehouse and modern analytics platform.",https://indeed.com//rc/clk?jk=c2578ecf9e3d014d&fccid=70e16765341fb198&vjs=3
105,Data Scientist: Deep Learning & NLP,Allstate,"Chicago, IL",,"Where good people build rewarding careers.Think that working in the insurance field can’t be exciting, rewarding and challenging?And you’ll have fun doing it.",https://indeed.com//rc/clk?jk=117e680665fc0aca&fccid=3a71a4d2f7990a25&vjs=3
106,Data Scientist,Nielsen,"Chicago, IL 60647",,"Data Science - USA Chicago, Illinois.We’re in tune with what the world is watching, buying, and everything in between.See what’s next with us at Nielsen:",https://indeed.com//rc/clk?jk=9bfe5443b63673e5&fccid=683f563b5cc25b70&vjs=3
107,(Entry-Level) Data Scientist,Evolent Health,"Chicago, IL",,It’s Time For A Change….Evolent Health has a bold mission to change the health of the nation by changing the way health care is delivered.,https://indeed.com//rc/clk?jk=13c9ffc0bcb07c8d&fccid=3586973f5b1c82b8&vjs=3
108,Data Scientist,The University of Chicago,"Chicago, IL",,"Please make sure to read the job posting in its entirety as it reflects both the University roles and responsibilities, followed by the specific description.",https://indeed.com//rc/clk?jk=d68861e6955f378f&fccid=5cb727313a823dd6&vjs=3
109,D3 - Geospatial Data Scientist,Allstate,"Chicago, IL",,"Where good people build rewarding careers.Think that working in the insurance field can’t be exciting, rewarding and challenging?And you’ll have fun doing it.",https://indeed.com//rc/clk?jk=4bee68acd073ea2b&fccid=3a71a4d2f7990a25&vjs=3
110,Data Scientist,devwrx,"Chicago, IL",,"The ideal candidate will have had professional experience with a scripting language (Python, Ruby, etc.), SQL, and have a strong understanding of AI methods.",https://indeed.com//rc/clk?jk=ac7426ed5642b576&fccid=d6e9c6cbc99139ec&vjs=3
111,Data Scientist - IoT (Chicago),Relayr,"Chicago, IL 60638 (Clearing area)",,"Significant experience with machine learning techniques, ideally supervised learning and anomaly detection. We are looking to recruit highly motivated engineers…",https://indeed.com//rc/clk?jk=0d5c7334383e6476&fccid=b2a647a4627655a5&vjs=3
112,Data Scientist - Life Sciences,Argonne National Laboratory,"Lemont, IL 60439",,"In this exciting area of research, you will be applying machine learning techniques, with an emphasis on deep learning techniques, to problems in the life…",https://indeed.com//rc/clk?jk=cd73803d394c6e1f&fccid=5d1506a5df73a48e&vjs=3
113,Data Scientist,Syngenta,"Chicago, IL",,"Syngenta is an Equal Opportunity Employer and does not discriminate in recruitment, hiring, training, promotion or any other employment practices for reasons of…",https://indeed.com//rc/clk?jk=7ed4369e1262efc9&fccid=212d266bb52619f8&vjs=3
114,Data Scientist,Deloitte,"Chicago, IL 60606 (Loop area)",,"Master’s degree required, PhD in a quantitative field (engineering, mathematics, physics, machine learning, statistics or computer science) preferred.",https://indeed.com//rc/clk?jk=95d82f4739c9c64a&fccid=9e215d88a6b33622&vjs=3
115,Data Scientist,GCM Grosvenor,"Chicago, IL 60611 (Near North Side area)",," Experience with quantitative and other machine learning languages (Matlab, R, Hadoop, or similar. The Data Scientist will be involved in analytic projects to…",https://indeed.com//rc/clk?jk=e52990f892a762cb&fccid=e94a1fa857311da8&vjs=3
116,Data Scientist,Trunk Club,"Chicago, IL 60654 (Loop area)",,Build Machine Learning models that power our apps and inventory classification. Research and develop predictive algorithms using various supervised and…,https://indeed.com//rc/clk?jk=781424f40c1accb2&fccid=0071370f02db63ca&vjs=3
117,Data Scientist,1-800-Flowers,"Melrose Park, IL 60160",,This individual will manage one or more analysts and focus on customer-level advanced analytics for the direct-to-consumer and business-to-business channels.,https://indeed.com//rc/clk?jk=4b7cdd29511a16eb&fccid=2591a885cb58d5d6&vjs=3
118,Data Scientist,"Blue Cross Blue Shield of IL, MT, NM, OK & TX","Chicago, IL",,"All qualified applicants will receive consideration for employment without regard to race, color, religion, sex, sexual orientation, gender identity, national…",https://indeed.com//rc/clk?jk=f64373deb5a9e2d2&fccid=f0982fe98d8ebba0&vjs=3
119,Data Scientist,"Autocar Parts, LLC","Rolling Meadows, IL",,"Research and build machine learning applications including structured and unstructured data, regression, classification, dimensionality reduction, and…",https://indeed.com//rc/clk?jk=ba092e71883d78e0&fccid=235b4fa8388a1948&vjs=3
120,Professional Data Scientist - NLP,AT&T,"Dallas, TX",,"AT&T is leading the way to the future – for customers, businesses and the industry.We're developing new technologies to make it easier for our customers to…",https://indeed.com//rc/clk?jk=282cea7b4223de86&fccid=25b5166547bbf543&vjs=3
121,Data Scientist,Neiman Marcus,"Dallas, TX",,"For over a century, Neiman Marcus Group has served the unique needs of our discerning customers by staying true to the principles of our founders:",https://indeed.com//rc/clk?jk=dadd3825949485e5&fccid=7a11eee3ff8b533d&vjs=3
122,Jr Data Scientist,HMS,"Irving, TX",,"We are seeking a talented individual for a Junior Data Scientist position.The successful candidate will have 1-2 years of experience in working with big data,…",https://indeed.com//rc/clk?jk=4d5c9adca90c867e&fccid=55f1bec069a8fd57&vjs=3
123,Data Scientist,Informa,"Dallas, TX 75252 (Far North area)",,"Informa is one of the world's leading knowledge providers.We create and deliver highly specialized information through publishing, events, training, market…",https://indeed.com//rc/clk?jk=2989ea3a08da9d40&fccid=8bae0fba3b920ea8&vjs=3
124,"Marketing Data Scientist - Dallas, Texas",Comerica Bank,"Dallas, TX 75201",,The Marketing Data Scientist role will be responsible for working across Business Units and IT to develop and execute actionable data science (i.e.,https://indeed.com//rc/clk?jk=9874df179ba90424&fccid=dc5dd98c1ef26287&vjs=3
125,Data Scientist,U.S. Anesthesia Partners,"Dallas, TX 75240 (Far North area)",,The Data Scientist guides and implements data science projects in support of initiatives across the organization including clinical operations and the back…,https://indeed.com//rc/clk?jk=4f9d05d7c955626a&fccid=108e251ca2cbdeb5&vjs=3
126,Data Scientist,Verveba Analytics,"Richardson, TX",,We are looking for a Data Scientist with a will for experimentation and exploring various data sets.Responsible for design and implementation of large-scale…,https://indeed.com//rc/clk?jk=49beebcfd6387e77&fccid=17fea07d6ab60774&vjs=3
127,Data Scientist,Worldventures,"Plano, TX 75024",,"The Data Science & Research Analyst, reporting to the Vice President of Finance and Analytics, under general direction with minimal oversight will work with our…",https://indeed.com//rc/clk?jk=133b327d0497baab&fccid=86c2a0699653819f&vjs=3
128,"Associate Scientist, Data Science",SiriusXM,"Irving, TX 75063",,The Assoicate Scientist is a member of a software development team with specialized experience in Data AI.Knowledge and development experience of existing and…,https://indeed.com//rc/clk?jk=c9e65c83673ba513&fccid=25039f950f78d541&vjs=3
129,"Data Scientist -Dallas, TX",nFolks Ltd,"Dallas, TX",,If interested please send me the resumes on arun(at)nfolksdata.com.,https://indeed.com//rc/clk?jk=efa82f7e4194dead&fccid=269420b9b62a41ba&vjs=3
130,"Survey Statistician, GG-1530-7/9/11/12, CENSUS-DE-KML",US Department of Commerce,"Irving, TX",,"The primary mission is a variety of administrative programs and data collection activities, and short range planning and special projects.",https://indeed.com//rc/clk?jk=6dc45c9541ab38b2&fccid=066a6183ab9ba375&vjs=3
131,Data Scientist,Verveba Analytics,"Richardson, TX",,We are looking for a Data Scientist with a will for experimentation and exploring various data sets. Responsible for design and implementation of large-scale…,https://indeed.com//rc/clk?jk=49beebcfd6387e77&fccid=17fea07d6ab60774&vjs=3
132,Senior Data Scientist,Abbott Laboratories,"Plano, TX",,Abbott is a global healthcare leader that helps people live more fully at all stages of life. Our portfolio of life-changing technologies spans the spectrum of…,https://indeed.com//rc/clk?jk=02f20f01b190192d&fccid=7942658690eba67c&vjs=3
133,Data Scientist,U.S. Anesthesia Partners,"Dallas, TX 75240 (Far North area)",,The Data Scientist guides and implements data science projects in support of initiatives across the organization including clinical operations and the back…,https://indeed.com//rc/clk?jk=4f9d05d7c955626a&fccid=108e251ca2cbdeb5&vjs=3
134,Machine Learning / Data Modeling,USAA,"Plano, TX",,We are currently seeking a talented Machine Learning/ Data Modeler for our Plano location. This role will be engaged in all phases of the software development…,https://indeed.com//rc/clk?jk=e20ebcccb0ffb6a0&fccid=3a1edc2d763c4288&vjs=3
135,Data Scientist - Fraud Anatytics,Verizon,"Irving, TX 75038",,This position is for “Fraud Detection and Prevention” by applying cutting edge machine learning techniques and AI technology. Even better if you have:,https://indeed.com//rc/clk?jk=de6eb16ad13a8a2a&fccid=f7029f63fe5c906e&vjs=3
136,"Marketing Data Scientist - Dallas, Texas",Comerica Bank,"Dallas, TX 75201",,The Marketing Data Scientist role will be responsible for working across Business Units and IT to develop and execute actionable data science (i.e.,https://indeed.com//rc/clk?jk=9874df179ba90424&fccid=dc5dd98c1ef26287&vjs=3
137,Data Scientist,Informa,"Dallas, TX 75252 (Far North area)",,"Informa is one of the world's leading knowledge providers. We create and deliver highly specialized information through publishing, events, training, market…",https://indeed.com//rc/clk?jk=2989ea3a08da9d40&fccid=8bae0fba3b920ea8&vjs=3
138,Data Scientist,TMX Family of Companies,"Carrollton, TX",,"The Data Scientist will provide statistical analysis, forecasting, predictive modeling, simulation, and optimization to understand Company needs and provide…",https://indeed.com//rc/clk?jk=06d16216fa4d67ab&fccid=a348f148497539ce&vjs=3
139,Data Scientist,Worldventures,"Plano, TX 75024",,"The Data Science & Research Analyst, reporting to the Vice President of Finance and Analytics, under general direction with minimal oversight will work with our…",https://indeed.com//rc/clk?jk=133b327d0497baab&fccid=86c2a0699653819f&vjs=3
140,Data Scientist I (668421),Ball Aerospace,"Boulder, CO",,Ball Aerospace pioneers discoveries that enable our customers to perform beyond expectation and protect what matters most. Perform other duties as necessary.,https://indeed.com//rc/clk?jk=3d41f307c9ab7077&fccid=82c5e27e77990fa2&vjs=3
141,Assistant Ecological Data Scientist,Battelle,"Boulder, CO 80301",,"Battelle is guided by a founding mission. We invest our knowledge, talents and resources, helping our customers achieve their most important goals.",https://indeed.com//rc/clk?jk=14744e0ddf2e3a9f&fccid=17d397c17f760b21&vjs=3
142,Data Scientist,Bank of America,"Denver, CO 80202 (Lodo area)",,"Data Scientist – Cyber Crime Protection. Actively involved in the research and development efforts. These systems must overcome issues of complex data (e.g.,…",https://indeed.com//rc/clk?jk=d51c67555126ea0d&fccid=5bd99dfa21c8a490&vjs=3
143,Data Scientist,Viola AI,"Boulder, CO",,"Viola AI is looking for experts in data science and machine learning. Python, R, and bash scripting is sufficient but we like to see skills in leveraging…",https://indeed.com//rc/clk?jk=04d61fa5645ef652&fccid=b1b72af5cf602cb5&vjs=3
144,"Internship - Data Scientist, Denver CO (Summer 2020)",Transamerica,"Denver, CO 80221",,Internships are short-term work experiences for a designated period of time that allow college students the opportunity to observe and participate in the…,https://indeed.com//rc/clk?jk=8ba1188a82b6d9fa&fccid=6d2f19785dd4c73c&vjs=3
145,Data Scientist,UCHealth,"Aurora, CO",,"Develops data-driven solutions using analytical, statistical and programming skills to collect, analyze and interpret large data sets.",https://indeed.com//rc/clk?jk=543569b1c588c2df&fccid=832c5efd7d5c2d6e&vjs=3
146,Data Scientist,CSG,"Greenwood Village, CO",,Create a high-level of business awareness that guides the development of impactful data insights. Provide and implement actionable insights for service and…,https://indeed.com//rc/clk?jk=3d622a82632065af&fccid=a56aa6958ed63da1&vjs=3
147,Data Scientist,Gates Corporation,"Denver, CO 80202 (Lodo area)",,Driven by Possibility Gates Corporation is a leading manufacturer of application-specific fluid power and power transmission solutions.,https://indeed.com//rc/clk?jk=6e3926655e10a965&fccid=a12996b2625d253a&vjs=3
148,Data Scientist,BPMLinks,"Denver, CO",,Responsible for the development and integration of new or existing applications into the technical infrastructure and existing business processes;,https://indeed.com//rc/clk?jk=c892b1857ee7eb73&fccid=4f051ec7153ae173&vjs=3
149,Data Scientist,DarkOwl,"Denver, CO",,"What does a Data Scientist do at DarkOwl? The world needs more DarkOwls, and fewer bad guys. We are experiencing a time of great growth and are expanding our…",https://indeed.com//rc/clk?jk=e32253736021f5e0&fccid=bcb445a9ca7e088b&vjs=3
150,INTERN - DATA SCIENTIST - SUMMER 2020,CenturyLink,"Broomfield, CO 80021",,"CenturyLink’s internship program is a 10 week, fast-paced and exciting opportunity to gain professional experience within your field of study and career…",https://indeed.com//rc/clk?jk=4343ed690cd4f265&fccid=9bdf8e3a2f3d19e4&vjs=3
151,Data Scientist,BP,"Denver, CO",,"The Data Scientist will be intricately involved in running analytical experiments in a methodical manner, and will regularly evaluate alternate models via…",https://indeed.com//rc/clk?jk=06cc9d33beed989a&fccid=03cacc905f5db444&vjs=3
152,Data Scientist,VF Corporation,"Denver, CO",,"VF Corporation outfits consumers around the world with its diverse portfolio of iconic lifestyle brands, including Vans®, The North Face® , Timberland® , and…",https://indeed.com//rc/clk?jk=0488045ed4473017&fccid=c734dc8b03fc4451&vjs=3
153,Data Scientist,Valen Analytics,"Denver, CO",,Join a high performing and rapidly growing team.Valen Analytics is a rapidly expanding advanced data and predictive analytics company headquartered in downtown…,https://indeed.com//rc/clk?jk=a11d9b56688c56c9&fccid=847cd08b3d651258&vjs=3
154,Data Scientist,Uplight,"Boulder, CO",,"Do you dream about creating a more sustainable future?At Uplight, we are motivating energy users and providers to accelerate the clean energy ecosystem.",https://indeed.com//rc/clk?jk=9a7e1b96a794879c&fccid=76670ee1307f6d9c&vjs=3
155,"Data Scientist, Senior",Booz Allen Hamilton,"Denver, CO",,"Are you excited at the prospect of unlocking the secrets held by a data set?Are you fascinated by the possibilities presented by the IoT, machine learning, and…",https://indeed.com//rc/clk?jk=ba3a5a26dc7731cb&fccid=4e041af1d0af1bc8&vjs=3
156,Predictive Modeling Manager/Data Scientist,Pie Insurance,"Denver, CO",,Establish Pie as a top 10 commercial insurer among small business owners by providing our customers with an outstanding shopping experience while building a…,https://indeed.com//rc/clk?jk=353ef6d89a4518c8&fccid=fab75f149007c659&vjs=3
157,Data Scientist,Transamerica,"Denver, CO 80221",,"As part of the Advanced Analytics group, the Data Scientist works with product managers, data engineers, and other data scientists to develop innovative…",https://indeed.com//rc/clk?jk=4f1f34e05be5bcf8&fccid=6d2f19785dd4c73c&vjs=3
158,DATA SCIENTIST,Decentrix,"Denver, CO 80202 (Lodo area)",,Decentrix offers an exciting opportunity to individuals with the right skill set and background to join our elite team and work with the most advanced data…,https://indeed.com//rc/clk?jk=b0b0329ef6b427ef&fccid=965f05c91b70b412&vjs=3
159,Data Scientist,"Vadata, Inc.","Denver, CO",,"Masters in Computer Science, Machine Learning, Operational Research, Statistics or a related quantitative field.You have passion for excellence.",https://indeed.com//rc/clk?jk=e0effd54f8e75884&fccid=fe2d21eef233e94a&vjs=3
160,Data Scientist/Specialist,BBVA Compass,"Houston, TX",,Compass Bank dba BBVA Compass. Employment | Business Development Usa. We are a global financial institution present in 30 countries with over 75 million…,https://indeed.com//rc/clk?jk=8ce98c9bedd5295f&fccid=aafffcb68257708e&vjs=3
161,Data Scientist,BP,"Houston, TX 77049",,"Enhance our ability to find performance insights through the use of advanced data science metholodogies, tools, and approaches to leverage artificial…",https://indeed.com//rc/clk?jk=66286c1f7c44b84d&fccid=03cacc905f5db444&vjs=3
162,Data Scientist,Alpha Capital Partners LLC,"Houston, TX 77084",,Alpha Capital Partners is a leading middle-market private equity real estate investment firm. Our Pittsburgh-based firm specializes in investments focused on…,https://indeed.com//rc/clk?jk=314ea15d9490b1ca&fccid=6a96c3c73d5e5932&vjs=3
163,Data Scientist Intern (2257),ENGIE North America Inc.,"Houston, TX",,"At ENGIE North America, innovation and excellence create a platform for growth. We have a range of businesses in the United States and Canada, including clean…",https://indeed.com//rc/clk?jk=e2a49c531ce11e26&fccid=bcbba984fec63461&vjs=3
164,NASA SMAEC II Data Scientist,SAIC,"Houston, TX",,Works in cross-functional teams with data at all stages of the analysis life-cycle to derive actionable insight. Works under general direction on routine work.,https://indeed.com//rc/clk?jk=965282a78a7434cf&fccid=f3b836e645f9b36d&vjs=3
165,Data Specialist/Scientist,BBVA Compass,"Houston, TX",,"Compass Bank dba BBVA Compass. Employment | Business Development Usa. At BBVA, we are leading the transformation of global banking with the aim of bringing the…",https://indeed.com//rc/clk?jk=539ab2d5816cc356&fccid=aafffcb68257708e&vjs=3
166,Data Scientist,alliantgroup,"Houston, TX 77056 (Galleria-Uptown area)",,Alliantgroup is currently in search of a full-time employee to execute visionary web based projects to create competitive edge solutions for expanding online…,https://indeed.com//rc/clk?jk=157fb990b859d4f9&fccid=f6b027b9d0fd8d1f&vjs=3
167,Statistician,Baylor College of Medicine,"Houston, TX",,Oversees and participates in the collection analysis and reporting of statistical data. Applies standard statistical methods in conducting analyses and…,https://indeed.com//rc/clk?jk=4094db74f7e54692&fccid=5f589639ccd58869&vjs=3
168,Data Scientist,CGG,"Houston, TX",,CGG is a recognized leader in subsurface imaging and our international teams are dedicated to solving our clients’ complex challenges.,https://indeed.com//rc/clk?jk=19173ccea2435d92&fccid=2fe5bdb74ccda2ee&vjs=3
169,Data Scientist,National Oilwell Varco,"Houston, TX",,"This position is responsible for supporting the Advanced Analytics, Controls & Digital team within ISE by developing data driven prognostic models from our…",https://indeed.com//rc/clk?jk=ba8a3fa030eb961d&fccid=0059806ce5dabd16&vjs=3
170,2020 University Intern - Data Scientist/Analytics,Phillips 66,"Houston, TX 77042 (West Houston area)",,"JOIN US IN PROVIDING ENERGY AND IMPROVING LIVES. At Phillips 66, we Provide Energy and Improve Lives guided by our values of Safety, Honor and Commitment.",https://indeed.com//rc/clk?jk=aedb65d18829548d&fccid=72fa81f7018f6344&vjs=3
171,Data Scientist,CGG,"Houston, TX",,CGG is a recognized leader in subsurface imaging and our international teams are dedicated to solving our clients’ complex challenges.,https://indeed.com//rc/clk?jk=19173ccea2435d92&fccid=2fe5bdb74ccda2ee&vjs=3
172,NASA SMAEC II Data Scientist,SAIC,"Houston, TX",,Works in cross-functional teams with data at all stages of the analysis life-cycle to derive actionable insight. Works under general direction on routine work.,https://indeed.com//rc/clk?jk=965282a78a7434cf&fccid=f3b836e645f9b36d&vjs=3
173,Data Scientist (PhD),ExxonMobil,"Spring, TX",,Data science encompasses the computational and statistical skills required to use data in support of scientific enquiry and sound business decision-making.,https://indeed.com//rc/clk?jk=66955c74ee339b27&fccid=1ddb91d85c72e885&vjs=3
174,"Data Scientist - Houston, TX",Shell,"Houston, TX",,"The Data Scientist translates business questions into data questions. Uses advanced analytic methods (statistics, classical machine learning and artificial…",https://indeed.com//rc/clk?jk=3df2be0d58c4d60d&fccid=167aa4ca2fe7d8e6&vjs=3
175,Data Scientist,alliantgroup,"Houston, TX 77056 (Galleria-Uptown area)",,Alliantgroup is currently in search of a full-time employee to execute visionary web based projects to create competitive edge solutions for expanding online…,https://indeed.com//rc/clk?jk=157fb990b859d4f9&fccid=f6b027b9d0fd8d1f&vjs=3
176,Senior Data Scientist,Verizon,"Houston, TX 77095",,"The Network Business Analytics team is hiring a strategic thinker to join a high profile, high visibility team that powers Network analytics and strategy for…",https://indeed.com//rc/clk?jk=5df6b4f1b96e3984&fccid=f7029f63fe5c906e&vjs=3
177,"Data Scientist Researcher- Houston, TX",Shell,"Houston, TX",,"The Data Scientist is part of the data science team within the Data Science CoE. The Data Scientist is responsible for initiating, development & delivery of…",https://indeed.com//rc/clk?jk=468ebb73573a3483&fccid=167aa4ca2fe7d8e6&vjs=3
178,Data Science Intern (BS / MS) - Intern,ExxonMobil,"Spring, TX",,Data science encompasses the computational and statistical skills required to use data in support of scientific enquiry and sound business decision-making.,https://indeed.com//rc/clk?jk=d829db07597e130b&fccid=1ddb91d85c72e885&vjs=3
179,Data Scientist (PhD) - Intern,ExxonMobil,"Spring, TX",,Data science encompasses the computational and statistical skills required to use data in support of scientific enquiry and sound business decision-making.,https://indeed.com//rc/clk?jk=fc4bef82f5ea2f9a&fccid=1ddb91d85c72e885&vjs=3
180,Data Scientist,University of Pennsylvania Health System,"Philadelphia, PA 19104 (Belmont area)",,"Penn Medicine's Data Science team is looking for a Data Scientist. The Data Scientist will apply machine learning and statistical techniques to clinical,…",https://indeed.com//rc/clk?jk=8847d83ed3de7e5d&fccid=36b76cf613fccb72&vjs=3
181,Data Scientist,Social Science Research Solutions (SSRS),"Glen Mills, PA",,"SSRS, a leading data-driven survey research and data capture firm, is seeking an experienced data scientist to work with our growing team of skilled data…",https://indeed.com//rc/clk?jk=45667d3dd37a3f24&fccid=4c3bc2bd3fda6e72&vjs=3
182,Data Analyst / Data Scientist,Defined Clarity,"Philadelphia, PA 19123 (Poplar-Ludlow-Yorktowne area)",,We have a client that is looking for a data scientist to add to its team. This position is for a Fortune 50 company that is based in Philadelphia.,https://indeed.com//rc/clk?jk=3732427d3a63339e&fccid=fd3bad61fc50422e&vjs=3
183,Data Scientist,Comcast,"Philadelphia, PA 19103",,Comcast brings together the best in media and technology. We drive innovation to create the world's best entertainment and online experiences.,https://indeed.com//rc/clk?jk=e4eec633a341a68c&fccid=ea25315ee9da22e5&vjs=3
184,Data Scientist,University of Pennsylvania,"Philadelphia, PA",,"The University of Pennsylvania, the largest private employer in Philadelphia, is a world-renowned leader in education, research, and innovation.",https://indeed.com//rc/clk?jk=5953f4b60d929de9&fccid=ebd944f3c244d667&vjs=3
185,Data Scientist,Philadelphia District Attorney's Office,"Philadelphia, PA 19107 (City Center East area)",,"The Philadelphia District Attorney’s Office (DAO), led by District Attorney Larry Krasner, is committed to the mission of providing fair and just prosecution to…",https://indeed.com//rc/clk?jk=450accf3cc188a49&fccid=a054959bd2e612a2&vjs=3
186,Data Scientist,Cadent,"Philadelphia, PA 19102 (City Center West area)",,"Cadent powers the evolution of TV brand advertising. We provide marketers, agencies, operators, and media owners with data-driven solutions for buying and…",https://indeed.com//rc/clk?jk=a64adf632c4c8bf2&fccid=760d03f6c6eab030&vjs=3
187,Epidemiologist/Data Scientist,NMS Labs,"Willow Grove, PA",,The Center for Forensic Science Research and Education (CFSRE) ( www.forensicscienceeducation.org ) at the Fredric Rieders Family Foundation (FRFF) provides…,https://indeed.com//rc/clk?jk=5478fd9dd29db409&fccid=0b53dbe3f694023a&vjs=3
188,Associate Data Scientist,Ascensus,"Dresher, PA 19025",,"The Associate data scientist will perform complex analysis and build sophisticated predictive models to generate knowledge about customers, products and…",https://indeed.com//rc/clk?jk=311dc502c471c331&fccid=17207abe925a4313&vjs=3
189,"Computational Immunologist, Immunology Data Science",Johnson & Johnson Family of Companies,"Spring House, PA",,Janssen Research & Development is a world-class pharmaceutical organization committed to research and development of innovative therapies for diseases with…,https://indeed.com//rc/clk?jk=b8946db7aad572ee&fccid=0bed8e17bc113980&vjs=3
190,"Senior Principal Scientist, Genetic Data Integration",Johnson & Johnson Family of Companies,"Spring House, PA 19002",,"All qualified applicants will receive consideration for employment without regard to race, color, religion, sex, sexual orientation, gender identity, age,…",https://indeed.com//rc/clk?jk=7672f73f905b6dde&fccid=0bed8e17bc113980&vjs=3
191,Lead Data Scientist,Comcast,"Philadelphia, PA 19103",,"Use analytical rigor and statistical methods to analyze large amounts of data, extracting actionable insights using advanced statistical techniques such as data…",https://indeed.com//rc/clk?jk=151870c37058baa7&fccid=ea25315ee9da22e5&vjs=3
192,Data Science Intern,RS Energy Group,"Conshohocken, PA",,"RSEG’s work environment is positive, supportive, innovative, and dynamic, with interdisciplinary teams focused on leveraging the latest in technology, machine…",https://indeed.com//rc/clk?jk=a9b31e3557bdf5fc&fccid=b5f5a475a9aae6da&vjs=3
193,Data Scientist,RS Energy Group,"Conshohocken, PA",,"Work together with Data Engineers and Software Developers to evaluate the technical trade-offs of tools to build simple, yet robust, data science pipelines.",https://indeed.com//rc/clk?jk=f6c3ef61212721db&fccid=b5f5a475a9aae6da&vjs=3
194,Data Scientist,MCKEAN DEFENSE/CABRILLO TECHNOLOGIES,"Philadelphia, PA",,"McKean Defense is seeking a Data Scientist to support modeling and data analysis efforts associated with the development of risk assessment tools for Navy Hull,…",https://indeed.com//rc/clk?jk=85204fc1a1d3b305&fccid=733a6a4b0db0cb79&vjs=3
195,Junior Business/Data Analyst - Senior Associate II,Capgemini,"West Chester, PA",,"All qualified applicants will receive consideration for employment without regard to race, national origin, gender identity/expression, age, religion,…",https://indeed.com//rc/clk?jk=82311000bf3c6c02&fccid=105ecfd0283f415f&vjs=3
196,Data Scientist,Aramark,"Philadelphia, PA 19107 (City Center East area)",,"Support development of machine learning algorithms using large data sets to drive consumer and operations insights.Java, VBA, C#, Python) experience a plus.",https://indeed.com//rc/clk?jk=5f7754112b09e4ac&fccid=ef670f88bdb8a879&vjs=3
197,Sr Data Scientist,IQVIA,"Plymouth Meeting, PA",,"Regardless of your role, you will have the opportunity to play an important part in helping our clients drive healthcare forward and ultimately improve outcomes…",https://indeed.com//rc/clk?jk=baa9e17209af1d32&fccid=6b7a1dfe07e7f037&vjs=3
198,Genomic Data Scientist,GSK,"Collegeville, PA 19426",,"Participate in project teams of GSK scientists and external collaborators to develop novel genetic data analyses, providing and following best practices of…",https://indeed.com//rc/clk?jk=72bd3bbbec1f33e4&fccid=4e42ec53f4b93e02&vjs=3
199,Data Scientist,IQVIA,"Plymouth Meeting, PA",,"If you are a Data Scientist who is keen to build data engineering and machine learning tools and products at the cutting-edge of life sciences, you will be in…",https://indeed.com//rc/clk?jk=81521b7a6303cb7b&fccid=6b7a1dfe07e7f037&vjs=3
200,"Data Scientist, Data Analytics & AI",Royal Caribbean Cruises Ltd.,"Miami, FL 33132 (Downtown area)",,"Royal Caribbean is seeking a talented, experienced and inquisitive Data Scientist to design and implement cutting edge solutions across a breadth of domain…",https://indeed.com//rc/clk?jk=e852b7474a7f5955&fccid=fa65a3fcc2b211c1&vjs=3
201,Data Scientist,Royal Caribbean Cruises Ltd.,"Miami, FL 33132 (Downtown area)",,"Great vacations begin with great employees!Combine your experience and sense of adventure by joining our exciting team of employees in Miami, FL.",https://indeed.com//rc/clk?jk=09a9d26d32d6ac7a&fccid=fa65a3fcc2b211c1&vjs=3
202,Associate Data Scientist,NextEra Energy,"Miami, FL 33174",,"Our reliability is one of the best in the nation, and we’re working to make it even better.That’s why we’re committed to making Florida a better place.",https://indeed.com//rc/clk?jk=e296e2aea1001038&fccid=ee1723cae957f03e&vjs=3
203,Artificial Intelligence/Analytics Data Scientist - Consultant,Capgemini,"Miami, FL",,"Candidates should be flexible / willing to work across this delivery landscape which includes and not limited to Agile Applications Development, Support and…",https://indeed.com//rc/clk?jk=a15965d4a07dc74c&fccid=105ecfd0283f415f&vjs=3
204,Data Scientist,Zimmerman Advertising,"Fort Lauderdale, FL",,"Blazing a new trail, we are further developing our Insight Marketing team to include the data science discipline.Data mining experience (using python/pandas).",https://indeed.com//rc/clk?jk=073776d12c6a7644&fccid=3700c219e9e9398d&vjs=3
205,Data Scientist,BankUnited,"Miami Lakes, FL 33016",,The Data Scientist is part of BankUnited's newly formed Analytics Center of Excellence (CoE).This dynamic team of talented professionals is tasked with the…,https://indeed.com//rc/clk?jk=704240e27f524208&fccid=5500c50eab3ba786&vjs=3
206,Data Analyst,Royal Caribbean Cruises Ltd.,"Miami, FL 33132 (Downtown area)",,"Great vacations begin with great employees!Combine your experience and sense of adventure by joining our exciting team of employees in Miami, FL.",https://indeed.com//rc/clk?jk=409adb1408e2722e&fccid=fa65a3fcc2b211c1&vjs=3
207,Data Scientist,BoxyCharm,"Pembroke Pines, FL",,Boxy Charm was founded in 2013 and continues to be a leader in the beauty subscription box industry experiencing immense growth of more than 100% year over year…,https://indeed.com//rc/clk?jk=4d1636a9d6378023&fccid=d9f82eb706765629&vjs=3
208,"Senior Data Scientist, Data Analytics & AI",Royal Caribbean Cruises Ltd.,"Miami, FL 33132 (Downtown area)",,"Royal Caribbean is seeking a talented, experienced and inquisitive Data Scientist to design and implement cutting edge solutions across a breadth of domain…",https://indeed.com//rc/clk?jk=7466479f43f8408c&fccid=fa65a3fcc2b211c1&vjs=3
209,Summer College Intern-Data Analytics and Special Projects Support,NextEra Energy,"Miami, FL 33134",,"Our reliability is one of the best in the nation, and we’re working to make it even better.That’s why we’re committed to making Florida a better place.",https://indeed.com//rc/clk?jk=5c134cdb307849d1&fccid=ee1723cae957f03e&vjs=3
210,Data Scientist Sr,Telos Corporation,"Homestead AFB, FL 33039",,"Candidates applying for this position must be motivated, creative, and able to work collaboratively across a wide spectrum of mission and technical personnel…",https://indeed.com//rc/clk?jk=a5aaa67c8f8f8a10&fccid=5695b0e2ce6945d4&vjs=3
211,Data Scientist - Nationwide Opportunities,"Amazon Web Services, Inc.","Miami, FL",,"PhD in a highly quantitative field (Computer Science, Machine Learning, Operational Research, Statistics, Mathematics, etc.). This is a customer facing role.",https://indeed.com//rc/clk?jk=cb58962086335bb2&fccid=fe2d21eef233e94a&vjs=3
212,Data Science Analyst,World Fuel,"Miami, FL",,"All qualified applicants will receive consideration for employment without regard to sex, gender identity, sexual orientation, race, color, religion, national…",https://indeed.com//rc/clk?jk=95c5c30e8cc5c0da&fccid=e6a074b872ebbb1a&vjs=3
213,Data Science Intern,KEMET Electronics Corporation,"Fort Lauderdale, FL",,KEMET Electronics Corporation is a leading global supplier of electronic components and is seeking an experienced Data Science Intern to join our dynamic data…,https://indeed.com//rc/clk?jk=87be2dbd4ee16469&fccid=a597124b2fa10a9a&vjs=3
214,Summer College Intern - IT Data Science (Customer Service),NextEra Energy,"Miami, FL 33174",,"Qualified applicants are considered for employment without regard to race, color, age, national origin, religion, marital status, sex, sexual orientation,…",https://indeed.com//rc/clk?jk=3f31271eb06f5386&fccid=ee1723cae957f03e&vjs=3
215,Sr. Data Analyst - Fraud Investigations,TracFone Wireless,"Miami, FL",,"Data analysis and findings to support investigations of a fraudulent nature or with fraudulent intentions which impact the Company’s revenue stream, operating…",https://indeed.com//rc/clk?jk=c925c33f236f3600&fccid=10d053e39b7bdca8&vjs=3
216,Statistical Analyst,American Heart Association,"Hollywood, FL 33084",,"Additional responsibilities include organization, analysis, and reporting of data collected from various sources, including AHA program data and national health…",https://indeed.com//rc/clk?jk=0c6214b2d80d41e2&fccid=fb509292145a023d&vjs=3
217,Sr. Data Scientist,TracFone Wireless,"Miami, FL",,"4-7 years of experience data science or related areas including machine learning, deep learning or statistical predictive modeling both hands-on and in lead…",https://indeed.com//rc/clk?jk=a042fc42e1c3d072&fccid=10d053e39b7bdca8&vjs=3
218,"Lead, Data Scientist TSS ops",Royal Caribbean Cruises Ltd.,"Miramar, FL",,"¿ Collaborate directly with teams/individuals across the company to facilitate the design, research, development, and delivery of data statistics, models and…",https://indeed.com//rc/clk?jk=fc18ed1485a6792b&fccid=fa65a3fcc2b211c1&vjs=3
219,"Senior Manager, Data Science & Analytics",Royal Caribbean Cruises Ltd.,"Miami, FL 33132 (Downtown area)",,It is the policy of the Company to ensure equal employment and promotion opportunity to qualified candidates without discrimination or harassment on the basis…,https://indeed.com//rc/clk?jk=42da5048ae1c0afc&fccid=fa65a3fcc2b211c1&vjs=3
220,Junior Data Analyst,AppZen,"Tempe, AZ",,"AppZen delivers the world’s leading AI platform for modern finance teams. Starting with business spend, we automate manual process, uncover problems, and…",https://indeed.com//rc/clk?jk=e48eb622a2591bf3&fccid=232d2677a5ec1087&vjs=3
221,Data Scientist,Circle K,"Tempe, AZ",,"Circle K is a great place to work! We know that you can work anywhere. However, working at Circle K is the start of something great!",https://indeed.com//rc/clk?jk=67dafec654e7c111&fccid=9cfe635d4940df97&vjs=3
222,Data Scientist (HCE),Honeywell,"Phoenix, AZ 85034 (Central City area)",,"Join a team recognized for leadership, innovation and diversity. The future is what you make it. When you join Honeywell, you become a member of our global team…",https://indeed.com//rc/clk?jk=4ed11a7716d936f1&fccid=50208b5bf45ee3b8&vjs=3
223,Junior Data Scientist Internship,PETSMART,"Phoenix, AZ",,"Are you looking for a fun and rewarding summer internship? At PetSmart, we are committed to developing future business leaders. What’s in it for you?",https://indeed.com//rc/clk?jk=32a54f7868bd5eef&fccid=b59989803df0669c&vjs=3
224,Sr. Data Scientist,Tuft & Needle,"Phoenix, AZ",,"THE JOURNEY TO YOUR DREAM JOB COULD BE JUST A CLICK AWAY…. In 2012, Tuft & Needle(tn.com) revolutionized the mattress space by turning the focus to the customer…",https://indeed.com//rc/clk?jk=c072ba38b83c35ba&fccid=49c2e79fe3c54044&vjs=3
225,Data Scientist,Cyient,"Phoenix, AZ",,"Celebrating its twenty-fifth anniversary in 2016, Cyient is an acknowledged leader in engineering design services, design-led manufacturing, networks and…",https://indeed.com//rc/clk?jk=330b9ae5014a606b&fccid=48337f40cc18bca7&vjs=3
226,"Data Scientist I - Phoenix, AZ",Freeport-McMoRan Copper & Gold,"Phoenix, AZ",,"Freeport-McMoRan is a premier U.S.-based natural resources company with headquarters in Phoenix, Arizona. We operate large, long-lived, geographically diverse…",https://indeed.com//rc/clk?jk=0e5894089c9fa1be&fccid=2e1d4d51c6f0e2bb&vjs=3
227,Data Scientist I-III,Blue Cross Blue Shield of Arizona,"Phoenix, AZ 85021 (North Mountain area)",,"Discover business insights, identify opportunities and provide solutions and recommendations to solve business problems through the use of statistical,…",https://indeed.com//rc/clk?jk=4a66d527c9dc6a33&fccid=4fe54963af81755f&vjs=3
228,Data Scientist,"Master Electronics, Inc.","Phoenix, AZ",,"Master Electronics has an exciting career opportunity for a Data Scientist that will report to the Vice President of Data Science in Phoenix, AZ.",https://indeed.com//rc/clk?jk=b256e29094239553&fccid=8691f3f7b4d646bd&vjs=3
229,HRIS Data Analyst Senior,Maricopa Community Colleges,"Maricopa County, AZ",,Some evenings and weekends may be required. Our employees are our most valuable asset; That’s why at Maricopa County Community College District (MCCCD) we are…,https://indeed.com//rc/clk?jk=75e2ef581fc3aac9&fccid=d2d65049c8370c18&vjs=3
230,Data Scientist,Cyient,"Phoenix, AZ",,"Celebrating its twenty-fifth anniversary in 2016, Cyient is an acknowledged leader in engineering design services, design-led manufacturing, networks and…",https://indeed.com//rc/clk?jk=330b9ae5014a606b&fccid=48337f40cc18bca7&vjs=3
231,Data Scientist (Analytic Consultant 4),Wells Fargo,"Tempe, AZ",,Wells Fargo technology teams drive innovation to create a more powerful and fulfilling financial experience for our customers and team members.,https://indeed.com//rc/clk?jk=e8775c85f2420657&fccid=78bbcd26e39621f5&vjs=3
232,"Data Scientist, Banking Products",Silicon Valley Bank,"Tempe, AZ 85281",,Silicon Valley Bank serves some of the most innovative companies in the world. Our clients are forward thinkers. This is a newly created role.,https://indeed.com//rc/clk?jk=0c4d0d823dc77769&fccid=40a4c5390ac10de9&vjs=3
233,Data Scientist I-III,Blue Cross Blue Shield of Arizona,"Phoenix, AZ 85021 (North Mountain area)",,"Discover business insights, identify opportunities and provide solutions and recommendations to solve business problems through the use of statistical,…",https://indeed.com//rc/clk?jk=4a66d527c9dc6a33&fccid=4fe54963af81755f&vjs=3
234,Language Data Analyst,TransPerfect,"Tempe, AZ 85284",,"TransPerfect Is More Than Just a Job…. Our greatest asset is our people, and nothing is more important to us than ensuring that everyone knows that.",https://indeed.com//rc/clk?jk=30d0f3baf558d437&fccid=dd616958bd9ddc12&vjs=3
235,Senior Data Analyst,InfoArmor Inc,"Scottsdale, AZ 85253",,InfoArmor provides industry-leading employee identity protection and advanced threat intelligence that enable its clients to combat an ever-changing cyber…,https://indeed.com//rc/clk?jk=3fbeaa433821f077&fccid=fe74a03bb313b6e1&vjs=3
236,Principal Data Scientist - LifeLock + Norton,Symantec,"Tempe, AZ 85281",,"SYMC), a global leader in cybersecurity, operates one of the world’s largest cyber intelligence networks allowing organizations, governments, and people to…",https://indeed.com//rc/clk?jk=819d494cc664d826&fccid=02c811688545ab89&vjs=3
237,Senior Data Scientist,Bills.com,"Tempe, AZ",,"Freedom Financial Network is a family of companies that takes a people-first approach to financial services, using technology to empower consumers to overcome…",https://indeed.com//rc/clk?jk=1c8a8f6f6355015e&fccid=38c4e76d8a773447&vjs=3
238,Statistical Analyst,American Heart Association,"Tempe, AZ 85282 (Cyprus Southwest area)",,Are you ready to join an organization where you can make an extraordinary impact every day? Imagine all Americans enjoying ideal cardiovascular health free of…,https://indeed.com//rc/clk?jk=4ae65f6f19e89bb5&fccid=fb509292145a023d&vjs=3
239,Data Scientist,Emailage,"Chandler, AZ",,Emailage is growing at an outstanding rate and we are seeking a skilled and enthusiastic Data Scientist to join our team. High-end hardware to work with.,https://indeed.com//rc/clk?jk=1e19c73dfb177d58&fccid=82676b4e8def97b6&vjs=3
240,Data Science - NLP,Third Republic,"Atlanta, GA 30301 (Buckhead area)",,"Data Science - NLP - Atlanta, GA - Atlanta.If you're an out-of-the-box thinker who lobes bringing creative, interdisciplinary ideas on how to deliver a high…",https://indeed.com//rc/clk?jk=ae1b8cdd69071eab&fccid=643b9433027b4c5d&vjs=3
241,Mathematical Statistician (Data Scientist)- (Direct Hire),Centers for Disease Control and Prevention,"Atlanta, GA 30305 (Buckhead area)",,Department of Health And Human Services.Centers for Disease Control and Prevention.The Centers for Disease Control and Prevention (CDC) is the agency…,https://indeed.com//rc/clk?jk=2cb97872ea18957e&fccid=3e901f592b439cea&vjs=3
242,Statistician (Data Scientist) ( Direct Hire),Centers for Disease Control and Prevention,"Atlanta, GA 30305 (Buckhead area)",,Department of Health And Human Services.Centers for Disease Control and Prevention.The Centers for Disease Control and Prevention (CDC) is the agency…,https://indeed.com//rc/clk?jk=60955783a5e9cfe3&fccid=3e901f592b439cea&vjs=3
243,Senior Data Scientist,UNITED PARCEL SERVICE,"Atlanta, GA 30328",,The UPS Advanced Technology Group is driving quantitative insights about the UPS network of today and tomorrow.Advanced knowledge of R or Python.,https://indeed.com//rc/clk?jk=aed26d483935155a&fccid=fcf465e707df52fb&vjs=3
244,Data Scientist - Fraud Anatytics,Verizon,"Alpharetta, GA 30022",,This position is for “Fraud Detection and Prevention” by applying cutting edge machine learning techniques and AI technology.Even better if you have:,https://indeed.com//rc/clk?jk=19263946d6798a83&fccid=f7029f63fe5c906e&vjs=3
245,Data Scientist,Southern Company,"Atlanta, GA 30309 (Midtown area)",,"This position is responsible for creating, enhancing, and deploying statistical and analytical models using both structured and unstructured data to inform…",https://indeed.com//rc/clk?jk=70ae68d659aedfee&fccid=a062342ea4e0a858&vjs=3
246,Senior Data Analyst,Purchasing Power,"Atlanta, GA 30309 (Midtown area)",,Purchasing Power is a fantastic place to work because:Purchasing Power was founded on the belief that we could empower people and provide the means for them to…,https://indeed.com//rc/clk?jk=902226cd4a58e5aa&fccid=7578b5dd39935643&vjs=3
247,"Data Scientist, Technology",The Home Depot,"Atlanta, GA",,The Data Scientist will develop the analytical infrastructure and computational capabilities that drive decision making and impact the bottom line performance…,https://indeed.com//rc/clk?jk=a64064da6535b867&fccid=82e58e9861d48566&vjs=3
248,Data Scientist,United Technologies Corp. Headquarters,"Atlanta, GA 30326 (Buckhead area)",,"GA-Corp-Digital 3500 Lenox Road NE Suite 1400, Atlanta, GA, 30326 USA.United Technologies Corporation (UTC) has a deep history of innovation that brings…",https://indeed.com//rc/clk?jk=060a8be8930686ec&fccid=d2b6bfba86ea80d6&vjs=3
249,Data Scientist,"U.S. Xpress Enterprises, Inc.","Atlanta, GA",,We are a digital transportation solutions provider that use cutting-edge technology to push the envelope to bring unmatched quality to our customers.,https://indeed.com//rc/clk?jk=c3cb9c4d73199ac8&fccid=d921f5450b899369&vjs=3
250,Federal - Data Scientist,Accenture,"Ellenwood, GA",,"People who use data to solve hard problems. Including ones that did not exist a few years ago. We believe a mix of data, analytics, automation and responsible…",https://indeed.com//rc/clk?jk=352cbd23ba3afb01&fccid=a4e4e2eaf26690c9&vjs=3
251,Data Scientist,Southern Company,"Atlanta, GA 30309 (Midtown area)",,"This position is responsible for creating, enhancing, and deploying statistical and analytical models using both structured and unstructured data to inform…",https://indeed.com//rc/clk?jk=70ae68d659aedfee&fccid=a062342ea4e0a858&vjs=3
252,DATA SCIENTIST,The Home Depot,"Atlanta, GA",,The Data Scientist will develop the analytical infrastructure and computational capabilities that drive decision making and impact the bottom line performance…,https://indeed.com//rc/clk?jk=dcd9cf7be26ba9af&fccid=82e58e9861d48566&vjs=3
253,Lead Health Scientist (Data Scientist),Centers for Disease Control and Prevention,"Atlanta, GA 30307",,Department of Health And Human Services. Centers for Disease Control and Prevention. The Centers for Disease Control and Prevention (CDC) is the agency…,https://indeed.com//rc/clk?jk=c9309ac70308758d&fccid=3e901f592b439cea&vjs=3
254,Data Scientist - Fraud Anatytics,Verizon,"Alpharetta, GA 30022",,This position is for “Fraud Detection and Prevention” by applying cutting edge machine learning techniques and AI technology. Even better if you have:,https://indeed.com//rc/clk?jk=19263946d6798a83&fccid=f7029f63fe5c906e&vjs=3
255,"Data Scientist (PYTHON, HADOOP)",SoftVision - TAMS,"Johns Creek, GA 30097",,WE ARE A TRANSFORMATIONAL PARTNER. We marry design and engineering language in ways that produce impactful and memorable experience journeys.,https://indeed.com//rc/clk?jk=991039b717520ea1&fccid=8e4ade64e8feb2ea&vjs=3
256,Data Scientist - Virtual,BCD Travel Corporate,"Atlanta, GA",,In this role you're key in establishing us as leaders in providing intelligence to our clients and internal stakeholders. Keep your eyes and ears open:,https://indeed.com//rc/clk?jk=481eb0c260890d8a&fccid=6781744e41089d9b&vjs=3
257,Data Scientist,MRI Software,"Atlanta, GA 30326 (Buckhead area)",,"MRI Software is seeking a Data Scientist to join our growing team! Following our recent acquisition of AI startup, Leverton, we are expanding our offering to…",https://indeed.com//rc/clk?jk=1683e8087ac14a44&fccid=4974627ac3bc5640&vjs=3
258,Data Scientist,Grid Dynamics,"Atlanta, GA",,We are seeking a Data Science engineer for joining our team. The team is starting a new project for analytic and image/text processing in e-commerce catalog.,https://indeed.com//rc/clk?jk=3ae57017ae0fde70&fccid=9e6cc9e51c2613ab&vjs=3
259,Data Scientists – Machine Learning,Brielle Technologies,"Alpharetta, GA",,"As a Senior Big Data Engineer on our Digital Analytics team, you will work on new technologies and find ways to meet our customers’ needs and make it easy for…",https://indeed.com//rc/clk?jk=b5900f9c349e1ef9&fccid=1eaccb082b10a196&vjs=3
260,Data Scientist (Jr. to Sr. Level),Piper Companies,"Seattle, WA 98104",,"Piper Companies is currently looking for Data Scientist for a position based in Seattle, WA.Please note- there are positions at various levels available*.",https://indeed.com//rc/clk?jk=decdf76e794c32e1&fccid=fc68da685e8aa986&vjs=3
261,Full Time Opportunities for Students or Recent Graduates: Data & Applied Sciences,Microsoft,"Redmond, WA",,Data Scientists at Microsoft help to improve the quality of experiences on our devices and services.We are looking for highly motivated and passionate Data…,https://indeed.com//rc/clk?jk=11baba484db23433&fccid=734cb5a01ee60f80&vjs=3
262,Data Scientist,Microsoft,"Redmond, WA",,"Do you like applying mathematics, statistics, and machine learning to data?Are you interested in finding attacks in enterprise networks?Here's a bit about us.",https://indeed.com//rc/clk?jk=45d2c93bdb61318c&fccid=734cb5a01ee60f80&vjs=3
263,"Data Scientist, Junior",Booz Allen Hamilton,"Seattle, WA 98101 (Downtown area)",,"Are you excited at the prospect of unlocking the secrets held by a data set?Are you fascinated by the possibilities presented by machine learning, artificial…",https://indeed.com//rc/clk?jk=0edfd708c19fcec8&fccid=4e041af1d0af1bc8&vjs=3
264,Data Scientist,BOEING,"Seattle, WA",,"This position supports managed programs demand forecasting for off platform, as well as 787 programs and is part of the Forecasting and New Business team.",https://indeed.com//rc/clk?jk=a65dc822edb34dd3&fccid=edae4285faf6c2f0&vjs=3
265,Data Scientist,Wish,"Seattle, WA 98103 (Green Lake - Wallingford area)",,Want to join our NEW centralized data science team working on company level data projects?Data driven decision-making is an integral part of life at Wish.,https://indeed.com//rc/clk?jk=a5d6fa3b7ff1023b&fccid=617690ce838507f3&vjs=3
266,"Data Scientist, Zillow Offers",Zillow Group,"Seattle, WA 98101 (Downtown area)",,Zillow is looking for an extraordinary Data Scientist to join a growing team.Zillow is on a mission to give consumers certainty and control when selling their…,https://indeed.com//rc/clk?jk=7f6b28670bfcbd0e&fccid=913e1b259c8d65e2&vjs=3
267,Data Science & Analytics Intern (Paid) - Summer 2020,BOEING,"Bellevue, WA",,"At Boeing, we are all innovators on a mission to connect, protect, explore and inspire.From the seabed to outer space, you’ll learn and grow, contributing to…",https://indeed.com//rc/clk?jk=bc4af98337dfd21a&fccid=edae4285faf6c2f0&vjs=3
268,Data Scientist - Intern,Zillow,"Seattle, WA 98101 (Downtown area)",,Zillow is currently seeking a Data Science Intern to join the Decision Science team in our Seattle office.Our team is tasked with absorbing billions of rows of…,https://indeed.com//rc/clk?jk=5c1931d1bab36878&fccid=913e1b259c8d65e2&vjs=3
269,Data & Applied Scientist,Microsoft,"Redmond, WA",,Do you have a passion for gaming and the future of entertainment?Are you excited about the data that drives innovation in the digital entertainment space?,https://indeed.com//rc/clk?jk=e5d206b297a0d112&fccid=734cb5a01ee60f80&vjs=3
270,Data Scientist,"Discovery Communications, LLC","Bellevue, WA",,"Discovery, Inc. is the global leader in real life entertainment.We serve passionate fans with content that inspires, informs, and entertains, providing…",https://indeed.com//rc/clk?jk=ffce5a463dcab4b8&fccid=f17180ffbe436a3c&vjs=3
271,Internship Opportunities for Students: Data & Applied Sciences,Microsoft,"Redmond, WA",,Data Scientists at Microsoft help to improve the quality of experiences on our devices and services.We are looking for highly motivated and passionate Data…,https://indeed.com//rc/clk?jk=7688bf23a4e8e7c6&fccid=734cb5a01ee60f80&vjs=3
272,Data Scientist,ASSURANCE,"Seattle, WA",,"At Assurance we are disrupting the antiquated and inefficient world of insurance and financial services.We are humble, driven, and committed to improving the…",https://indeed.com//rc/clk?jk=1e58d06b2439173c&fccid=5434780ac3971e0d&vjs=3
273,DATA SCIENTIST,University of Washington,"Seattle, WA",,"Notes: As a UW employee, you will enjoy generous benefits and work/life programs.For detailed information on Benefits for this position, click here.",https://indeed.com//rc/clk?jk=478de176e72ea8d1&fccid=142783ac2edbe56b&vjs=3
274,"data scientist, Insights & Analytics - Seattle, WA",Starbucks,"Seattle, WA",,"Now Brewing – data scientist! #tobeapartner.From the beginning, Starbucks set out to be a different kind of company.We’d love to hear from people with:",https://indeed.com//rc/clk?jk=059cf6d0b4f9d270&fccid=a88e611ddef97571&vjs=3
275,Data Scientist,In-Depth Genomics,"Bellevue, WA",,Computational researchers with experience in genomics or other big data efforts are needed to develop and support our rare disease genomics program.,https://indeed.com//rc/clk?jk=a23cedc7cf86d5f0&fccid=4441a1e77a201111&vjs=3
276,Intern Data Scientist,"ExtraHop Networks, Inc.","Seattle, WA 98101 (Downtown area)",,The ExtraHop platform is a novel approach to processing vast amounts of wire data in real-time.Want to join a collaborative team that builds solutions which…,https://indeed.com//rc/clk?jk=b0f8b1ea788df7eb&fccid=5dd0073fb1381f82&vjs=3
277,Data Scientist,"Amazon.com Services, Inc.","Seattle, WA",,"Masters with two years of experience or a Bachelors with five years of experience.Experience in SQL, R, Python, or another scripting language; command line…",https://indeed.com//rc/clk?jk=81666472841d70d3&fccid=fe2d21eef233e94a&vjs=3
278,DATA SCIENTIST,Red Violet Inc.,"Seattle, WA 98101 (Downtown area)",,"Red violet (NASDAQ: RDVT) is a software and services company specializing in big data analysis, providing cloud-based, mission critical analytics and…",https://indeed.com//rc/clk?jk=c3d2721bb607dd92&fccid=f07b32a98707b089&vjs=3
279,Data Scientist,EagleView,"Bellevue, WA 98004 (Downtown area)",,We are looking for talented Data Scientists to join the Data Science & Machine Learning team.You are a talented data scientist that is tired of applying basic…,https://indeed.com//rc/clk?jk=afd85d9d99d469f1&fccid=3f11836ada2d0e87&vjs=3
